{
	"schemaVersion": 1,
	"id": "corruptmod",
	"version": "${version}",
	"name": "Corruption/hallow mod",
	"description": "This is an example description! Tell everyone what your mod is about!",
	"authors": [
		"Ariyeh"
	],
	"contact": {
		"homepage": "https://fabricmc.net/",
		"sources": "https://github.com/FabricMC/fabric-example-mod"
	},
	"license": "MIT",
	"icon": "assets/corruptmod/icon.png",
	"environment": "*",
	"entrypoints": {
		"main": [
			"net.mistah_zeus.corruptmod.CorruptMod"
		],
		"client": [
			"net.mistah_zeus.corruptmod.CorruptModClient"
		],
		"fabric-datagen": [
			"net.mistah_zeus.corruptmod.CorruptModDataGenerator"
		]
	},
	"mixins": [
		"corruptmod.mixins.json"
	],
	"depends": {
		"fabricloader": ">=0.14.24",
		"minecraft": "~1.20.2",
		"java": ">=17",
		"fabric-api": "*"
	},
	"suggests": {
		"another-mod": "*"
	}
}